Kettan Singh,Janhit Mein Jaari,Aadhaaritis,,
Kettan Singh,Janhit Mein Jaari,Aadhaaritis,,
Kettan Singh,Janhit Mein Jaari,Aadhaaritis,,
Kettan Singh,Janhit Mein Jaari,Aadhaaritis,,
Kettan Singh,Janhit Mein Jaari,Aadhaaritis,,
Kettan Singh,Janhit Mein Jaari,Aadhaaritis,,
Kettan Singh,Janhit Mein Jaari,Aadhaaritis,,
Kettan Singh,Janhit Mein Jaari,Aadhaaritis,,
,
Kettan Singh,Janhit Mein Jaari,Aadhaaritis,4444,
Kettan Singh,Janhit Mein Jaari,Aadhaaritis,,
Kettan Singh,Janhit Mein Jaari,Aadhaaritis,,
Kettan Singh,Janhit Mein Jaari,Aadhaaritis,,
Kettan Singh,Janhit Mein Jaari,Aadhaaritis,4444,5555,6666,
Kettan Singh,Janhit Mein Jaari,Aadhaaritis,4444,5555,6666,
Kettan Singh,Janhit Mein Jaari,Aadhaaritis,4444,5555,6666,
